{
  "auth": {
    "login": {
      "heading": "Log in",
      "button": "Log in",
      "pleaseEnterEmail": "Please enter your email address.",
      "forgotPassword": "Forgot password?"
    },
    "logout": "You are logged out.",
    "forgotPassword": {
      "heading": "Forgot password",
      "info": "Please enter your email address below to receive a password reset link.",
      "backToLogin": "Back to Login"
    },
    "register": {
      "heading": "Create Account",
      "createButton": "Create",
      "bannerText": "Already have an account? Switch to {login}",
      "modal": {
        "heading": "Welcome",
        "description": "Your account has been created. You can {information} to your account now, so you do not have to do this later during your purchase.",
        "information": "add information",
        "button": "Go Shopping",
        "imageAlt": "Signup successful"
      }
    },
    "resetPassword": {
      "heading": "Reset password",
      "info": "Enter the email address you used to sign up. We will send you a password reset link, that you’ll be able to use to set a new password for your account.",
      "email": "Email",
      "continue": "Continue",
      "backToLogin": "Back to Login",
      "thankYou": "Thank you, if there is an account registered with {0}, you should receive the password reset link in your inbox right away.",
      "anotherEmail": "I need to try another email address",
      "sendEmail": "Send Email",
      "reset": "Reset",
      "success": "Reset password succeeded, please log in again."
    },
    "setNewPassword": {
      "heading": "Set new password",
      "button": "Set new password",
      "password": "New password",
      "repeatPassword": "Repeat new password",
      "hint1": "Minimum length of password must be equal or greater than {minimumPasswordLength} symbols. Leading and trailing spaces will be ignored.",
      "hint2": "Minimum of different classes of characters in password is {requiredCharacterClassesNumber}. Classes of characters: Lower Case, Upper Case, Digits, Special Characters.",
      "description": "Create the new password you want to use to log in to your account."
    }
  }
}
